round,query_no,score,decision,account_age_days,linked_accounts,mentions,months_active,post_length,reach,recent_strikes,report_ratio,reputation,surface
R1,45,0.8882,APPROVE,75.0,20.0,5.0,5.427,98.663,41.081,1.327,0.991,452.524,D
R1,46,0.8882,APPROVE,75.0,20.0,5.0,5.427,98.663,41.081,1.327,1.0,452.524,D
R1,47,0.8882,APPROVE,75.0,20.0,5.543,5.427,98.663,41.081,1.327,1.0,452.524,D
R1,48,0.8905,APPROVE,75.0,20.0,5.543,5.427,100.0,41.081,1.327,1.0,452.524,D
R1,49,0.8905,APPROVE,75.0,20.0,6.0,5.427,100.0,41.081,1.327,1.0,452.524,D
R1,50,0.8649,APPROVE,75.0,20.0,6.0,5.427,100.0,50.081,1.327,1.0,452.524,D
R1,51,0.8651,APPROVE,75.0,20.0,6.0,5.427,100.0,50.0,1.327,1.0,452.524,D
R1,52,0.8907,APPROVE,75.0,20.0,6.0,5.427,100.0,41.0,1.327,1.0,452.524,D
R1,53,0.8883,APPROVE,75.0,20.0,6.0,5.427,100.0,41.0,1.327,1.0,452.524,C
R1,54,0.8907,APPROVE,75.0,20.0,6.0,5.427,100.0,41.0,1.327,1.0,452.524,D
R1,55,0.8818,APPROVE,75.0,20.0,6.0,8.0,100.0,41.0,1.327,1.0,452.524,D
R1,56,0.8749,APPROVE,75.0,20.0,6.0,10.0,100.0,41.0,1.327,1.0,452.524,D
R1,57,0.8949,APPROVE,75.0,20.0,6.0,4.0,100.0,41.0,1.327,1.0,452.524,D
R1,58,0.8572,APPROVE,75.0,20.0,6.0,4.0,100.0,41.0,2.327,1.0,452.524,D
R1,59,0.8949,APPROVE,75.0,20.0,6.0,4.0,100.0,41.0,1.327,1.0,452.524,D
R1,60,0.9288,APPROVE,75.0,20.0,6.0,4.0,100.0,41.0,0.0,1.0,452.524,D
R1,61,0.8135,APPROVE,75.0,20.0,6.0,30.0,100.0,41.0,0.0,1.0,452.524,D
R1,62,0.9148,APPROVE,75.0,20.0,6.0,10.0,100.0,41.0,0.0,1.0,452.524,D
R1,63,0.933,APPROVE,75.0,20.0,6.0,2.0,100.0,41.0,0.0,1.0,452.524,D
R1,64,0.937,APPROVE,75.0,20.0,6.0,0.0,100.0,41.0,0.0,1.0,452.524,D
R1,65,0.752,APPROVE,75.0,20.0,6.0,3.0,100.0,100.0,0.0,1.0,452.524,D
R1,66,0.9214,APPROVE,75.0,20.0,6.0,0.0,100.0,50.0,0.0,1.0,452.524,D
R1,67,0.937,APPROVE,75.0,20.0,6.0,0.0,100.0,41.0,0.0,1.0,452.524,D
R1,68,0.9149,APPROVE,75.0,20.0,6.0,0.0,100.0,41.0,1.0,1.0,452.524,D
R1,69,0.933,APPROVE,75.0,20.0,6.0,0.0,100.0,41.0,0.0,1.0,461.524,D
R1,70,0.9317,APPROVE,75.0,20.0,6.0,0.0,100.0,41.0,0.0,1.0,464.524,D
R1,71,0.9294,APPROVE,75.0,20.0,6.0,0.0,100.0,41.0,0.0,1.0,469.524,D
R1,72,0.9234,APPROVE,75.0,20.0,6.0,0.0,100.0,41.0,0.0,1.0,481.524,D
R1,73,0.8386,APPROVE,75.0,20.0,6.0,0.0,100.0,41.0,0.0,1.0,807.0,D
R1,74,0.9393,APPROVE,75.0,20.0,6.0,0.0,100.0,41.0,0.0,1.0,447.0,D
R1,75,0.9532,APPROVE,75.0,20.0,6.0,0.0,100.0,29.5,0.0,1.0,447.0,D
R1,76,0.9573,APPROVE,75.0,20.0,6.0,0.0,100.0,25.5,0.0,1.0,447.0,D
R1,77,0.9621,APPROVE,75.0,20.0,6.0,0.0,100.0,20.5,0.0,1.0,447.0,D
R1,78,0.9678,APPROVE,75.0,20.0,6.0,0.0,100.0,13.5,0.0,1.0,447.0,D
R1,79,0.9719,APPROVE,75.0,20.0,6.0,0.0,100.0,7.5,0.0,1.0,447.0,D
R1,80,0.9752,APPROVE,75.0,20.0,6.0,0.0,100.0,1.5,0.0,1.0,447.0,D
R1,81,0.9759,APPROVE,75.0,20.0,6.0,0.0,100.0,0.0,0.0,1.0,447.0,D
R1,82,0.9685,APPROVE,75.0,20.0,6.0,0.0,100.0,0.0,0.0,1.0,447.0,A
R1,83,0.9694,APPROVE,75.0,20.0,6.0,0.0,100.0,0.0,0.0,1.0,447.0,B
R1,84,0.9717,APPROVE,75.0,20.0,6.0,0.0,100.0,0.0,0.0,1.0,447.0,C
R1,85,0.9759,APPROVE,75.0,20.0,6.0,0.0,100.0,0.0,0.0,1.0,447.0,D
R1,86,0.9766,APPROVE,75.0,20.0,6.0,0.0,100.0,0.0,0.0,1.0,441.0,D
R1,87,0.9783,APPROVE,75.0,20.0,6.0,0.0,100.0,0.0,0.0,1.0,424.0,D
R1,88,0.9801,APPROVE,75.0,20.0,6.0,0.0,100.0,0.0,0.0,1.0,408.0,D
R1,89,0.9894,APPROVE,75.0,20.0,6.0,0.0,100.0,0.0,0.0,1.0,308.0,D
R1,90,0.9864,APPROVE,75.0,20.0,6.0,0.0,100.0,0.0,1.0,1.0,308.0,D
R1,91,0.9894,APPROVE,75.0,20.0,6.0,0.0,100.0,0.0,0.0,1.0,308.0,D
R1,92,0.9891,APPROVE,75.0,20.0,6.0,0.0,100.0,2.0,0.0,1.0,308.0,D
R1,93,0.9893,APPROVE,75.0,20.0,6.0,0.0,100.0,1.0,0.0,1.0,308.0,D
R1,94,0.9886,APPROVE,75.0,20.0,6.0,2.0,100.0,1.0,0.0,1.0,308.0,D
R1,95,0.9889,APPROVE,75.0,20.0,6.0,1.0,100.0,1.0,0.0,1.0,308.0,D
R1,96,0.9886,APPROVE,75.0,20.0,6.0,1.0,100.0,1.0,0.0,1.0,312.0,D
R2,1,0.5815,APPROVE,57.551,12.332,1.088,27.094,60.019,16.92,0.523,0.945,665.944,C
R2,2,0.9889,APPROVE,75.0,20.0,6.0,1.0,100.0,1.0,0.0,1.0,308.0,D
R2,3,0.2682,DECLINE,46.5,10.0,3.0,20.0,50.0,50.0,1.5,0.5,600.0,A
R2,4,0.1257,DECLINE,46.5,10.0,3.0,20.0,50.0,50.0,3.5,0.5,600.0,A
R2,5,0.191,DECLINE,46.5,10.0,3.0,20.0,50.0,50.0,2.5,0.5,600.0,A
R2,6,0.2242,DECLINE,46.5,10.0,3.0,20.0,50.0,50.0,2.5,0.5,600.0,D
R2,7,0.2985,DECLINE,46.5,10.0,3.0,20.0,50.0,50.0,1.5,0.5,600.0,D
R2,8,0.667,APPROVE,46.5,10.0,3.0,20.0,50.0,50.0,1.5,0.5,309.0,D
R2,9,0.794,APPROVE,75.0,10.0,3.0,20.0,50.0,50.0,1.5,0.5,309.0,D
R2,10,0.8908,APPROVE,75.0,20.0,6.0,0.0,50.0,50.0,1.5,0.5,309.0,D
R2,11,0.8879,APPROVE,75.0,20.0,6.0,1.0,50.0,50.0,1.5,0.5,309.0,D
R2,12,0.8849,APPROVE,75.0,20.0,6.0,2.0,50.0,50.0,1.5,0.5,309.0,D
R2,13,0.8849,APPROVE,75.0,20.0,2.85,2.0,50.0,50.0,1.5,0.5,309.0,D
R2,14,0.9593,APPROVE,75.0,20.0,2.85,2.0,100.0,50.0,1.5,0.5,309.0,D
R2,15,0.9885,APPROVE,75.0,20.0,2.85,2.0,100.0,1.0,0.0,1.0,309.0,D
R2,16,0.9886,APPROVE,75.0,20.0,2.85,2.0,100.0,1.0,0.0,1.0,308.0,D
R2,17,0.9889,APPROVE,75.0,20.0,6.0,1.0,100.0,1.0,0.0,1.0,308.0,D
R2,18,0.9874,APPROVE,75.0,20.0,6.0,1.0,100.0,10.0,0.0,1.0,308.0,D
R2,19,0.9746,APPROVE,75.0,20.0,6.0,1.0,100.0,51.0,0.0,1.0,308.0,D
R2,20,0.9205,APPROVE,75.0,20.0,6.0,1.0,100.0,97.5,0.0,1.0,308.0,D
R2,21,0.9891,APPROVE,75.0,20.0,6.0,1.0,100.0,0.0,0.0,1.0,308.0,D
R2,22,0.9277,APPROVE,75.0,20.0,6.0,1.0,100.0,0.0,0.0,1.0,900.0,D
R2,23,0.9672,APPROVE,75.0,20.0,6.0,1.0,100.0,0.0,0.0,1.0,510.0,D
R2,24,0.9897,APPROVE,75.0,20.0,6.0,1.0,100.0,0.0,0.0,1.0,300.0,D
R2,25,0.9822,APPROVE,75.0,20.0,6.0,1.0,100.0,0.0,2.0,1.0,300.0,D
R2,26,0.9792,APPROVE,75.0,20.0,6.0,1.0,100.0,0.0,2.5,1.0,300.0,D
R2,27,0.9897,APPROVE,75.0,20.0,6.0,1.0,100.0,0.0,0.0,0.5,300.0,D
R2,28,0.9897,APPROVE,75.0,20.0,6.0,1.0,100.0,0.0,0.0,0.8,300.0,D
R2,29,0.9897,APPROVE,75.0,20.0,6.0,1.0,100.0,0.0,0.0,0.495,300.0,D
R2,30,0.9897,APPROVE,75.0,20.0,6.0,1.0,100.0,0.0,0.0,0.3,300.0,D
R2,31,0.9897,APPROVE,75.0,20.0,6.0,1.0,100.0,0.0,0.0,0.2,300.0,D
R2,32,0.9897,APPROVE,75.0,20.0,6.0,1.0,100.0,0.0,0.0,0.1,300.0,D
R2,33,0.9897,APPROVE,75.0,20.0,6.0,1.0,100.0,0.0,0.0,0.0,300.0,D
R2,34,0.9897,APPROVE,75.0,20.0,6.0,1.0,100.0,0.0,0.0,1.0,300.0,D
R2,35,0.9695,APPROVE,75.0,20.0,6.0,1.0,50.0,0.0,0.0,1.0,300.0,D
R2,36,0.9411,APPROVE,75.0,20.0,6.0,1.0,26.5,0.0,0.0,1.0,300.0,D
R2,37,0.9865,APPROVE,75.0,20.0,6.0,1.0,85.5,0.0,0.0,1.0,300.0,D
R2,38,0.9897,APPROVE,75.0,20.0,6.0,1.0,100.0,0.0,0.0,1.0,300.0,D
R2,39,0.9897,APPROVE,75.0,20.0,6.0,1.0,100.0,0.0,0.0,1.0,300.0,D
R2,40,0.9897,APPROVE,75.0,20.0,6.0,1.0,100.0,0.0,0.0,1.0,300.0,D
R2,41,0.9894,APPROVE,75.0,20.0,6.0,1.0,100.0,2.0,0.0,1.0,300.0,D
R2,42,0.9895,APPROVE,75.0,20.0,3.06,1.0,100.0,1.0,0.0,1.0,300.0,D
R2,43,0.9895,APPROVE,75.0,20.0,1.47,1.0,100.0,1.0,0.0,1.0,300.0,D
R2,44,0.9895,APPROVE,75.0,20.0,6.0,1.0,100.0,1.0,0.0,1.0,300.0,D
R2,45,0.9898,APPROVE,75.0,20.0,6.0,0.0,100.0,1.0,0.0,1.0,300.0,D
R2,46,0.9898,APPROVE,75.0,15.0,6.0,0.0,100.0,1.0,0.0,1.0,300.0,D
R2,47,0.9898,APPROVE,75.0,12.0,6.0,0.0,100.0,1.0,0.0,1.0,300.0,D
R2,48,0.9898,APPROVE,75.0,6.0,6.0,0.0,100.0,1.0,0.0,1.0,300.0,D
R2,49,0.9898,APPROVE,75.0,0.0,6.0,0.0,100.0,1.0,0.0,1.0,300.0,D
R2,50,0.9898,APPROVE,75.0,2.0,6.0,0.0,100.0,1.0,0.0,1.0,300.0,D
R2,51,0.9898,APPROVE,75.0,18.0,6.0,0.0,100.0,1.0,0.0,1.0,300.0,D
R2,52,0.9882,APPROVE,65.0,20.0,6.0,0.0,100.0,1.0,0.0,1.0,300.0,D
R2,53,0.9827,APPROVE,39.66,20.0,6.0,0.0,100.0,1.0,0.0,1.0,300.0,D
R2,54,0.9898,APPROVE,75.0,20.0,6.0,0.0,100.0,1.0,0.0,1.0,300.0,D
R2,55,0.9796,APPROVE,75.0,20.0,6.0,20.0,100.0,1.0,0.0,1.0,300.0,D
R2,56,0.9796,APPROVE,75.0,9.9,6.0,20.0,100.0,1.0,0.0,1.0,300.0,D
R2,57,0.9796,APPROVE,75.0,3.6,6.0,20.0,100.0,1.0,0.0,1.0,300.0,D
R2,58,0.9796,APPROVE,75.0,0.0,6.0,20.0,100.0,1.0,0.0,1.0,300.0,D
R2,59,0.9711,APPROVE,75.0,0.0,6.0,28.0,100.0,1.0,0.0,1.0,300.0,D
R2,60,0.9468,APPROVE,75.0,0.0,6.0,40.0,100.0,1.0,0.0,1.0,300.0,D
R2,61,0.9895,APPROVE,75.0,0.0,6.0,1.0,100.0,1.0,0.0,1.0,300.0,D
R2,62,0.9898,APPROVE,75.0,0.0,6.0,0.0,100.0,1.0,0.0,1.0,300.0,D
R2,63,0.9891,APPROVE,75.0,0.0,6.0,0.0,100.0,1.0,0.0,1.0,310.0,D
R2,64,0.9892,APPROVE,75.0,0.0,6.0,0.0,100.0,1.0,0.0,1.0,309.0,D
R2,65,0.9893,APPROVE,75.0,0.0,6.0,0.0,100.0,1.0,0.0,1.0,308.0,D
R2,66,0.9883,APPROVE,75.0,0.0,6.0,0.0,100.0,1.0,0.0,1.0,320.0,D
R2,67,0.9898,APPROVE,75.0,0.0,6.0,0.0,100.0,1.0,0.0,1.0,300.0,D
R2,68,0.9891,APPROVE,75.0,0.0,6.0,0.0,100.0,1.0,0.0,1.0,309.9,D
R2,69,0.9898,APPROVE,75.0,0.0,6.0,0.0,100.0,1.0,0.0,1.0,300.1,D
R2,70,0.986,APPROVE,75.0,0.0,6.0,10.0,100.0,1.0,0.0,1.0,300.0,D
R2,71,0.9881,APPROVE,75.0,0.0,6.0,5.0,100.0,1.0,0.0,1.0,300.0,D
R2,72,0.9898,APPROVE,75.0,0.0,6.0,0.0,100.0,1.0,0.0,1.0,300.0,D
R2,73,0.99,APPROVE,75.0,0.0,6.0,0.0,100.0,0.0,0.0,1.0,300.0,D
R2,74,0.99,APPROVE,75.0,0.0,6.0,0.0,100.0,0.0,0.0,0.0,300.0,D
R2,75,0.99,APPROVE,75.0,0.0,6.0,0.0,100.0,0.0,0.0,0.5,300.0,D
R2,76,0.9898,APPROVE,75.0,0.0,6.0,0.0,100.0,1.0,0.0,0.0,300.0,D
R2,77,0.9898,APPROVE,75.0,0.0,6.0,0.0,100.0,1.0,0.0,1.0,300.0,D
R2,78,0.99,APPROVE,75.0,0.0,6.0,0.0,100.0,0.0,0.0,0.0,300.0,D
R2,79,0.99,APPROVE,75.0,10.0,6.0,0.0,100.0,0.0,0.0,0.0,300.0,D
R2,80,0.99,APPROVE,75.0,20.0,6.0,0.0,100.0,0.0,0.0,0.0,300.0,D
R2,81,0.99,APPROVE,75.0,20.0,0.0,0.0,100.0,0.0,0.0,0.0,300.0,D
R2,82,0.99,APPROVE,75.0,20.0,3.0,0.0,100.0,0.0,0.0,0.0,300.0,D
R2,83,0.9872,APPROVE,75.0,20.0,3.0,0.0,100.0,0.0,0.0,0.0,300.0,A
R2,84,0.9876,APPROVE,75.0,20.0,3.0,0.0,100.0,0.0,0.0,0.0,300.0,B
R2,85,0.056,DECLINE,75.0,20.0,3.0,0.0,100.0,0.0,0.0,0.0,300.0,C
R2,86,0.99,APPROVE,75.0,20.0,3.0,0.0,100.0,0.0,0.0,0.0,300.0,D
R2,87,0.9899,APPROVE,75.0,20.0,3.0,0.25,100.0,0.0,0.0,0.0,300.0,D
R2,88,0.9898,APPROVE,75.0,20.0,3.0,0.5,100.0,0.0,0.0,0.0,300.0,D
R2,89,0.9898,APPROVE,75.0,20.0,3.0,0.75,100.0,0.0,0.0,0.0,300.0,D
R2,90,0.9897,APPROVE,75.0,20.0,3.0,1.0,100.0,0.0,0.0,0.0,300.0,D
R2,91,0.9897,APPROVE,75.0,20.0,3.0,1.0,100.0,0.0,0.0,0.0,300.0,D
R2,92,0.99,APPROVE,75.0,20.0,3.0,0.0,100.0,0.0,0.0,0.0,300.0,D
R2,93,0.99,APPROVE,75.0,20.0,3.0,0.0,100.0,0.25,0.0,0.0,300.0,D
R2,94,0.9899,APPROVE,75.0,20.0,3.0,0.0,100.0,0.5,0.0,0.0,300.0,D
R2,95,0.9899,APPROVE,75.0,20.0,3.0,0.0,100.0,0.75,0.0,0.0,300.0,D
R2,96,0.9898,APPROVE,75.0,20.0,3.0,0.0,100.0,1.0,0.0,0.0,300.0,D
R2,97,0.9898,APPROVE,75.0,20.0,3.0,0.0,100.0,1.0,0.0,0.0,300.0,D
R2,98,0.99,APPROVE,75.0,20.0,3.0,0.0,100.0,0.0,0.0,0.0,300.0,D
